Regiao - Sigla;Estado - Sigla;Municipio;Revenda;CNPJ da Revenda;Nome da Rua;Numero Rua;Complemento;Bairro;Cep;Produto;Data da Coleta;Valor de Venda;Valor de Compra;Unidade de Medida;Bandeira
N;AC;CRUZEIRO DO SUL;AMAZONIA COMERCIO DE DERIVADOS DE PETROLEO LTDA; 01.492.748/0003-83;AVENIDA COPACABANA;440;;COPACABANA;69980-000;GASOLINA;02/01/2026;7,97;;R$ / litro;IPIRANGA
N;AC;CRUZEIRO DO SUL;AMAZONIA COMERCIO DE DERIVADOS DE PETROLEO LTDA; 01.492.748/0003-83;AVENIDA COPACABANA;440;;COPACABANA;69980-000;DIESEL;02/01/2026;8,15;;R$ / litro;IPIRANGA
N;AC;CRUZEIRO DO SUL;AMAZONIA COMERCIO DE DERIVADOS DE PETROLEO LTDA; 01.492.748/0003-83;AVENIDA COPACABANA;440;;COPACABANA;69980-000;DIESEL S10;02/01/2026;8,17;;R$ / litro;IPIRANGA
N;AC;RIO BRANCO;AUTO POSTO AMAPA LTDA; 00.529.581/0001-53;VIA CHICO MENDES;3570;;AREAL;69906-119;GASOLINA;02/01/2026;7,29;;R$ / litro;VIBRA
N;AC;RIO BRANCO;AUTO POSTO AMAPA LTDA; 00.529.581/0001-53;VIA CHICO MENDES;3570;;AREAL;69906-119;GASOLINA ADITIVADA;02/01/2026;7,39;;R$ / litro;VIBRA
N;AC;RIO BRANCO;AUTO POSTO AMAPA LTDA; 00.529.581/0001-53;VIA CHICO MENDES;3570;;AREAL;69906-119;DIESEL;02/01/2026;7,35;;R$ / litro;VIBRA
N;AC;RIO BRANCO;AUTO POSTO AMAPA LTDA; 00.529.581/0001-53;VIA CHICO MENDES;3570;;AREAL;69906-119;ETANOL;02/01/2026;5,24;;R$ / litro;VIBRA
N;AC;RIO BRANCO;AUTO POSTO ACAUAN LTDA; 00.524.999/0001-78;RODOVIA AC 40;1800;;VILA ACRE;69902-450;GASOLINA ADITIVADA;02/01/2026;7,39;;R$ / litro;VIBRA
N;AC;RIO BRANCO;AUTO POSTO ACAUAN LTDA; 00.524.999/0001-78;RODOVIA AC 40;1800;;VILA ACRE;69902-450;DIESEL S10;02/01/2026;7,39;;R$ / litro;VIBRA
N;AC;RIO BRANCO;AUTO POSTO ACAUAN LTDA; 00.524.999/0001-78;RODOVIA AC 40;1800;;VILA ACRE;69902-450;ETANOL;02/01/2026;5,19;;R$ / litro;VIBRA
NE;BA;VALENCA;ORGANIZACAO GUAIBIM LTDA; 01.878.111/0001-68;AVENIDA ANTONIO C MAGALHAES;500;CASA;SAO FELIX;45400-000;GASOLINA;01/01/2026;6,39;;R$ / litro;RAIZEN
NE;BA;VALENCA;ORGANIZACAO GUAIBIM LTDA; 01.878.111/0001-68;AVENIDA ANTONIO C MAGALHAES;500;CASA;SAO FELIX;45400-000;GASOLINA ADITIVADA;01/01/2026;6,49;;R$ / litro;RAIZEN
NE;BA;VALENCA;ORGANIZACAO GUAIBIM LTDA; 01.878.111/0001-68;AVENIDA ANTONIO C MAGALHAES;500;CASA;SAO FELIX;45400-000;DIESEL;01/01/2026;5,99;;R$ / litro;RAIZEN
NE;BA;VALENCA;ORGANIZACAO GUAIBIM LTDA; 01.878.111/0001-68;AVENIDA ANTONIO C MAGALHAES;500;CASA;SAO FELIX;45400-000;ETANOL;01/01/2026;4,99;;R$ / litro;RAIZEN
SE;ES;LINHARES;AUTO SERVICO FLORESTA LTDA; 05.609.081/0001-45;AVENIDA PREFEITO SAMUEL BATISTA CRUZ;1276;;ARACA;29900-100;GASOLINA;02/01/2026;6,59;;R$ / litro;VIBRA
SE;ES;LINHARES;AUTO SERVICO FLORESTA LTDA; 05.609.081/0001-45;AVENIDA PREFEITO SAMUEL BATISTA CRUZ;1276;;ARACA;29900-100;DIESEL;02/01/2026;5,89;;R$ / litro;VIBRA
SE;ES;LINHARES;CAMATTA & CIA LTDA; 30.578.975/0001-62;AVENIDA WENCESLAU BRAZ;133;;CENTRO;29901-260;GASOLINA;02/01/2026;6,59;;R$ / litro;IPIRANGA
SE;ES;LINHARES;CAMATTA & CIA LTDA; 30.578.975/0001-62;AVENIDA WENCESLAU BRAZ;133;;CENTRO;29901-260;GASOLINA ADITIVADA;02/01/2026;6,59;;R$ / litro;IPIRANGA
SE;ES;LINHARES;CAMATTA & CIA LTDA; 30.578.975/0001-62;AVENIDA WENCESLAU BRAZ;133;;CENTRO;29901-260;DIESEL;02/01/2026;5,89;;R$ / litro;IPIRANGA
SE;ES;LINHARES;AUTO POSTO DADINHO LTDA; 27.303.411/0001-02;RODOVIA BR 101;S/N;KM 140;CANIVETE;29901-401;GASOLINA ADITIVADA;02/01/2026;6,69;;R$ / litro;IPIRANGA
SE;ES;LINHARES;AUTO POSTO DADINHO LTDA; 27.303.411/0001-02;RODOVIA BR 101;S/N;KM 140;CANIVETE;29901-401;DIESEL S10;02/01/2026;6,09;;R$ / litro;IPIRANGA
SE;ES;LINHARES;AUTO POSTO DADINHO LTDA; 27.303.411/0001-02;RODOVIA BR 101;S/N;KM 140;CANIVETE;29901-401;ETANOL;02/01/2026;4,99;;R$ / litro;IPIRANGA
CO;GO;PORANGATU;FERREIRA COMERCIO DE DERIVADOS DE PETROLEO LTDA; 08.381.059/0006-93;RODOVIA BR 153;SN;KM    58;ZONA RURAL;76550-000;GASOLINA;02/01/2026;6,29;;R$ / litro;VIBRA
CO;GO;PORANGATU;FERREIRA COMERCIO DE DERIVADOS DE PETROLEO LTDA; 08.381.059/0006-93;RODOVIA BR 153;SN;KM    58;ZONA RURAL;76550-000;DIESEL;02/01/2026;5,79;;R$ / litro;VIBRA
CO;GO;PORANGATU;FERREIRA COMERCIO DE DERIVADOS DE PETROLEO LTDA; 08.381.059/0006-93;RODOVIA BR 153;SN;KM    58;ZONA RURAL;76550-000;DIESEL S10;02/01/2026;5,85;;R$ / litro;VIBRA
CO;GO;PORANGATU;FERREIRA COMERCIO DE DERIVADOS DE PETROLEO LTDA; 08.381.059/0006-93;RODOVIA BR 153;SN;KM    58;ZONA RURAL;76550-000;ETANOL;02/01/2026;4,79;;R$ / litro;VIBRA
CO;GO;PORANGATU;HS - DERIVADOS DE PETROLEO LTDA; 02.513.158/0001-90;AVENIDA ADELINO AMERICO DE AZEVEDO;163;;CENTRO;76550-000;GASOLINA;02/01/2026;6,39;;R$ / litro;BRANCA
CO;GO;PORANGATU;HS - DERIVADOS DE PETROLEO LTDA; 02.513.158/0001-90;AVENIDA ADELINO AMERICO DE AZEVEDO;163;;CENTRO;76550-000;DIESEL;02/01/2026;5,89;;R$ / litro;BRANCA
CO;GO;PORANGATU;HS - DERIVADOS DE PETROLEO LTDA; 02.513.158/0001-90;AVENIDA ADELINO AMERICO DE AZEVEDO;163;;CENTRO;76550-000;DIESEL S10;02/01/2026;5,99;;R$ / litro;BRANCA
CO;GO;PORANGATU;HS - DERIVADOS DE PETROLEO LTDA; 02.513.158/0001-90;AVENIDA ADELINO AMERICO DE AZEVEDO;163;;CENTRO;76550-000;ETANOL;02/01/2026;4,69;;R$ / litro;BRANCA
NE;MA;PRESIDENTE DUTRA;POSTO DE COMBUSTIVEIS BINE SOARES LTDA; 02.682.322/0001-93; BR 226 KM 01;100;;PARANUA;65760-000;GASOLINA;02/01/2026;5,96;;R$ / litro;SP
NE;MA;PRESIDENTE DUTRA;POSTO DE COMBUSTIVEIS BINE SOARES LTDA; 02.682.322/0001-93; BR 226 KM 01;100;;PARANUA;65760-000;DIESEL;02/01/2026;5,79;;R$ / litro;SP
NE;MA;PRESIDENTE DUTRA;POSTO DE COMBUSTIVEIS BINE SOARES LTDA; 02.682.322/0001-93; BR 226 KM 01;100;;PARANUA;65760-000;DIESEL S10;02/01/2026;5,80;;R$ / litro;SP
SE;MG;GUAXUPE;SAO PAULO MINAS COMERCIO DERIVADOS DE PETROLEO LTDA.; 05.282.048/0002-34;AVENIDA FELIPE ELIAS ZEITUNE;130;;CENTRO;37800-000;DIESEL S10;01/01/2026;5,99;;R$ / litro;BRANCA
SE;MG;GUAXUPE;SAO PAULO MINAS COMERCIO DERIVADOS DE PETROLEO LTDA.; 05.282.048/0002-34;AVENIDA FELIPE ELIAS ZEITUNE;130;;CENTRO;37800-000;ETANOL;01/01/2026;4,29;;R$ / litro;BRANCA
NE;PE;JABOATAO DOS GUARARAPES;ALBUQUERQUE PNEUS LTDA; 11.117.785/0013-37;AVENIDA BERNARDO VIEIRA DE MELO;4844;;CANDEIAS;54440-620;GASOLINA ADITIVADA;02/01/2026;6,78;;R$ / litro;RAIZEN
NE;PE;JABOATAO DOS GUARARAPES;ALBUQUERQUE PNEUS LTDA; 11.117.785/0013-37;AVENIDA BERNARDO VIEIRA DE MELO;4844;;CANDEIAS;54440-620;DIESEL S10;02/01/2026;5,69;;R$ / litro;RAIZEN
NE;PE;JABOATAO DOS GUARARAPES;ALBUQUERQUE PNEUS LTDA; 11.117.785/0013-37;AVENIDA BERNARDO VIEIRA DE MELO;4844;;CANDEIAS;54440-620;ETANOL;02/01/2026;4,49;;R$ / litro;RAIZEN
NE;PE;JABOATAO DOS GUARARAPES;GUARUJA COMERCIO E DISTRIBUICAO DE PETROLEO LTDA; 01.457.180/0001-06;ESTRADA DA BATALHA;371;;PRAZERES;54315-010;GNV;02/01/2026;4,39;;R$ / m³;VIBRA
NE;PE;JABOATAO DOS GUARARAPES;SERVICAR S/A; 09.798.307/0005-88;AVENIDA ARMINDO MOURA;461;;PIEDADE;54315-070;GNV;02/01/2026;4,39;;R$ / m³;VIBRA
S;PR;ARAPONGAS;AUTO POSTO CATUAI LTDA; 07.900.742/0004-65;RUA GATURAMO;475;;JARDIM PRIMAVERA;86702-000;GASOLINA;01/01/2026;6,28;;R$ / litro;BRANCA
S;PR;ARAPONGAS;AUTO POSTO CATUAI LTDA; 07.900.742/0004-65;RUA GATURAMO;475;;JARDIM PRIMAVERA;86702-000;GASOLINA ADITIVADA;01/01/2026;6,31;;R$ / litro;BRANCA
S;PR;ARAPONGAS;AUTO POSTO CATUAI LTDA; 07.900.742/0004-65;RUA GATURAMO;475;;JARDIM PRIMAVERA;86702-000;DIESEL;01/01/2026;5,75;;R$ / litro;BRANCA
S;PR;ARAPONGAS;AUTO POSTO CATUAI LTDA; 07.900.742/0004-65;RUA GATURAMO;475;;JARDIM PRIMAVERA;86702-000;ETANOL;01/01/2026;4,38;;R$ / litro;BRANCA
S;PR;ARAPONGAS;AUTO POSTO PARADA AZUL LTDA; 08.002.928/0001-17;RODOVIA BR 369;S/N;KM. 181;BAIRRO GRANDE PARADA;86706-430;GASOLINA ADITIVADA;01/01/2026;6,29;;R$ / litro;RAIZEN
S;PR;ARAPONGAS;AUTO POSTO PARADA AZUL LTDA; 08.002.928/0001-17;RODOVIA BR 369;S/N;KM. 181;BAIRRO GRANDE PARADA;86706-430;DIESEL;01/01/2026;5,79;;R$ / litro;RAIZEN
S;PR;ARAPONGAS;AUTO POSTO PARADA AZUL LTDA; 08.002.928/0001-17;RODOVIA BR 369;S/N;KM. 181;BAIRRO GRANDE PARADA;86706-430;DIESEL S10;01/01/2026;5,89;;R$ / litro;RAIZEN
S;PR;ARAPONGAS;AUTO POSTO PARADA AZUL LTDA; 08.002.928/0001-17;RODOVIA BR 369;S/N;KM. 181;BAIRRO GRANDE PARADA;86706-430;ETANOL;01/01/2026;4,29;;R$ / litro;RAIZEN
S;PR;ARAPONGAS;AUTO POSTO PARADA AZUL LTDA; 08.002.928/0001-17;RODOVIA BR 369;S/N;KM. 181;BAIRRO GRANDE PARADA;86706-430;GASOLINA;01/01/2026;6,19;;R$ / litro;RAIZEN
S;PR;ARAPONGAS;L&J COMÉRCIO DE COMBUSTÍVEIS LTDA.; 06.050.174/0001-45;RUA CONDOR;863;;CENTRO;86701-210;DIESEL S10;01/01/2026;6,19;;R$ / litro;VIBRA
SE;RJ;MACAE;POSTO CANCELA SERVICOS E COMERCIO LTDA; 28.284.941/0001-13;ESTRADA DA CANCELA PRETA;60;;RIVIERA FLUMINENSE;27937-050;GNV;02/01/2026;4,99;;R$ / m³;RAIZEN
SE;RJ;MACAE;POSTO SAO JOAO DE MACAE LTDA; 31.507.809/0001-38;RUA JOSE DE AGUIAR FRANCO;270;;COSTA DO SOL;27923-320;GNV;02/01/2026;4,88;;R$ / m³;IPIRANGA
CO;GO;FORMOSA;PARANA COMERCIO DE COMBUSTIVEIS E LUBRIFICANTES LTDA; 11.216.796/0001-30;AVENIDA MAESTRO JOAO LUIZ DO ESPIRITO SANTO;1234;QUADRA01;PARQUE LAGUNA II;73814-005;GASOLINA ADITIVADA;02/01/2026;6,54;;R$ / litro;VIBRA
CO;GO;FORMOSA;PARANA DO MEIO COMERCIO DE COMBUSTIVEIS E LUBRIFICANTES LTDA; 13.140.612/0001-21;AVENIDA CALIFORNIA;150;;CENTRO;73801-160;GASOLINA ADITIVADA;02/01/2026;6,49;;R$ / litro;BRANCA
S;RS;CANOAS;METROPOLITANO COMERCIO DE COMBUSTIVEIS LTDA; 88.587.589/0001-17;AVENIDA GUILHERME SCHELL;6340;;CENTRO;92310-022;GNV;05/01/2026;4,89;;R$ / m³;BRANCA
CO;MS;CAMPO GRANDE;POSTO MIRANDA LTDA; 03.623.191/0001-36;AVENIDA MARECHAL DEODORO;5712;;COOPHAVILA II;79097-000;GNV;05/01/2026;4,59;;R$ / m³;VIBRA
CO;MT;CUIABA;JGJ COMERCIO DE PETROLEO LTDA; 06.539.780/0001-29;AVENIDA MIGUEL SUTIL;4708;;ALVORADA;78060-000;GNV;06/01/2026;4,05;;R$ / m³;VIBRA
S;PR;PONTA GROSSA;POSTO DE COMBUSTIVEIS E SERVICOS QUATRO PRIMOS LTDA.; 03.479.760/0001-11;AVENIDA VISCONDE DE MAUA;4800;;V. VENDRAME/ OFICINA;84043-000;GNV;07/01/2026;4,73;;R$ / m³;RAIZEN
N;AM;MANAUS;AUTO POSTO CAMILA LTDA; 03.932.978/0001-80;AVENIDA COSME FERREIRA;3276;;COROADO;69082-000;GNV;05/01/2026;3,99;;R$ / m³;SABBÁ
N;AM;MANAUS;J A COMERCIO DE DERIVADOS DE PETROLEO LTDA; 20.815.998/0001-90;AVENIDA CONSTANTINO NERY;1016;;SAO GERALDO;69050-000;GNV;05/01/2026;3,99;;R$ / m³;ATEM' S
